health_condition,area_code,area_name,fiscal_start_date,admissions,population,standardised_rate,,
COPD,E05011118,Acocks Green,2019-04-06,95,12265,890.1 ,,
COPD,E05011119,Allens Cross,2019-04-06,50,5900,942.8 ,,
COPD,E05011120,Alum Rock,2019-04-06,45,10950,729.4 ,,
COPD,E05011121,Aston,2019-04-06,30,10330,461.9 ,,
COPD,E05011122,Balsall Heath West,2019-04-06,25,5290,591.5 ,,
COPD,E05011123,Bartley Green,2019-04-06,90,12140,816.8 ,,
COPD,E05011124,Billesley,2019-04-06,80,11125,788.8 ,,
COPD,E05011125,Birchfield,2019-04-06,20,5645,434.4 ,,
COPD,E05011126,Bordesley & Highgate,2019-04-06,15,5320,632.6 ,,
COPD,E05011127,Bordesley Green,2019-04-06,25,5250,752.8 ,,
COPD,E05011128,Bournbrook & Selly Park,2019-04-06,15,5095,371.4 ,,
COPD,E05011129,Bournville & Cotteridge,2019-04-06,55,10975,473.6 ,,
COPD,E05011130,Brandwood & King's Heath,2019-04-06,55,10710,574.4 ,,
COPD,E05011131,Bromford & Hodge Hill,2019-04-06,65,10210,755.3 ,,
COPD,E05011132,Castle Vale,2019-04-06,40,5270,756.0 ,,
COPD,E05011133,Druids Heath & Monyhull,2019-04-06,45,6155,756.3 ,,
COPD,E05011134,Edgbaston,2019-04-06,10,7965,125.3 ,,
COPD,E05011135,Erdington,2019-04-06,60,11545,572.5 ,,
COPD,E05011136,Frankley Great Park,2019-04-06,70,6610,1160.4 ,,
COPD,E05011137,Garretts Green,2019-04-06,35,5345,695.5 ,,
COPD,E05011138,Glebe Farm & Tile Cross,2019-04-06,85,11375,906.9 ,,
COPD,E05011139,Gravelly Hill,2019-04-06,30,5230,736.0 ,,
COPD,E05011140,Hall Green North,2019-04-06,55,11885,569.4 ,,
COPD,E05011141,Hall Green South,2019-04-06,10,6175,179.9 ,,
COPD,E05011142,Handsworth,2019-04-06,15,5535,409.3 ,,
COPD,E05011143,Handsworth Wood,2019-04-06,45,10545,449.8 ,,
COPD,E05011144,Harborne,2019-04-06,85,11950,757.3 ,,
COPD,E05011145,Heartlands,2019-04-06,35,5475,915.3 ,,
COPD,E05011146,Highter's Heath,2019-04-06,30,5920,551.0 ,,
COPD,E05011147,Holyhead,2019-04-06,15,5320,365.8 ,,
COPD,E05011148,King's Norton North,2019-04-06,25,6620,368.5 ,,
COPD,E05011149,King's Norton South,2019-04-06,70,5810,1305.7 ,,
COPD,E05011150,Kingstanding,2019-04-06,110,10900,1110.5 ,,
COPD,E05011151,Ladywood,2019-04-06,40,8835,752.6 ,,
COPD,E05011152,Longbridge & West Heath,2019-04-06,115,11955,951.8 ,,
COPD,E05011153,Lozells,2019-04-06,20,5005,732.7 ,,
COPD,E05011154,Moseley,2019-04-06,40,12045,357.4 ,,
COPD,E05011155,Nechells,2019-04-06,40,4960,1268.0 ,,
COPD,E05011156,Newtown,2019-04-06,20,4915,729.7 ,,
COPD,E05011157,North Edgbaston,2019-04-06,30,10615,372.4 ,,
COPD,E05011158,Northfield,2019-04-06,35,6210,575.4 ,,
COPD,E05011159,Oscott,2019-04-06,60,10990,542.2 ,,
COPD,E05011160,Perry Barr,2019-04-06,50,11050,486.7 ,,
COPD,E05011161,Perry Common,2019-04-06,80,6375,1237.8 ,,
COPD,E05011162,Pype Hayes,2019-04-06,60,5990,1086.1 ,,
COPD,E05011163,Quinton,2019-04-06,75,11990,649.5 ,,
COPD,E05011164,Rubery & Rednal,2019-04-06,45,5510,863.6 ,,
COPD,E05011165,Shard End,2019-04-06,60,6215,1005.3 ,,
COPD,E05011166,Sheldon,2019-04-06,80,11080,770.1 ,,
COPD,E05011167,Small Heath,2019-04-06,30,8955,497.7 ,,
COPD,E05011168,Soho & Jewellery Quarter,2019-04-06,30,10005,508.1 ,,
COPD,E05011169,South Yardley,2019-04-06,20,5665,426.5 ,,
COPD,E05011170,Sparkbrook & Balsall Heath East,2019-04-06,40,11205,493.8 ,,
COPD,E05011171,Sparkhill,2019-04-06,25,9180,394.6 ,,
COPD,E05011172,Stirchley,2019-04-06,30,5365,695.2 ,,
COPD,E05011173,Stockland Green,2019-04-06,85,11645,942.7 ,,
COPD,E05011174,Sutton Four Oaks,2019-04-06,15,6145,220.4 ,,
COPD,E05011175,Sutton Mere Green,2019-04-06,15,6440,244.4 ,,
COPD,E05011176,Sutton Reddicap,2019-04-06,25,5650,494.7 ,,
COPD,E05011177,Sutton Roughley,2019-04-06,25,7305,329.5 ,,
COPD,E05011178,Sutton Trinity,2019-04-06,10,5890,111.3 ,,
COPD,E05011179,Sutton Vesey,2019-04-06,40,12695,277.0 ,,
COPD,E05011180,Sutton Walmley & Minworth,2019-04-06,30,10535,252.8 ,,
COPD,E05011181,Sutton Wylde Green,2019-04-06,20,6220,269.1 ,,
COPD,E05011182,Tyseley & Hay Mills,2019-04-06,50,5130,1354.5 ,,
COPD,E05011183,Ward End,2019-04-06,30,5460,945.3 ,,
COPD,E05011184,Weoley & Selly Oak,2019-04-06,115,12105,1011.1 ,,
COPD,E05011185,Yardley East,2019-04-06,25,5990,421.4 ,,
COPD,E05011186,Yardley West & Stechford,2019-04-06,75,6060,1621.7 ,,
respiratory disease,E05011118,Acocks Green,2019-04-06,590,24450,2689.3 ,,
respiratory disease,E05011119,Allens Cross,2019-04-06,215,11125,2130.7 ,,
respiratory disease,E05011120,Alum Rock,2019-04-06,605,27950,2898.2 ,,
respiratory disease,E05011121,Aston,2019-04-06,445,24430,2187.7 ,,
respiratory disease,E05011122,Balsall Heath West,2019-04-06,280,12155,2878.9 ,,
respiratory disease,E05011123,Bartley Green,2019-04-06,515,22670,2499.7 ,,
respiratory disease,E05011124,Billesley,2019-04-06,450,21200,2345.7 ,,
respiratory disease,E05011125,Birchfield,2019-04-06,185,12475,1843.3 ,,
respiratory disease,E05011126,Bordesley & Highgate,2019-04-06,210,15055,2214.1 ,,
respiratory disease,E05011127,Bordesley Green,2019-04-06,295,12970,2917.0 ,,
respiratory disease,E05011128,Bournbrook & Selly Park,2019-04-06,190,22355,1728.9 ,,
respiratory disease,E05011129,Bournville & Cotteridge,2019-04-06,380,19170,1939.4 ,,
respiratory disease,E05011130,Brandwood & King's Heath,2019-04-06,340,18770,2001.9 ,,
respiratory disease,E05011131,Bromford & Hodge Hill,2019-04-06,510,22370,2561.8 ,,
respiratory disease,E05011132,Castle Vale,2019-04-06,250,9925,2688.5 ,,
respiratory disease,E05011133,Druids Heath & Monyhull,2019-04-06,235,11635,2187.3 ,,
respiratory disease,E05011134,Edgbaston,2019-04-06,220,18715,1344.2 ,,
respiratory disease,E05011135,Erdington,2019-04-06,490,21520,2360.5 ,,
respiratory disease,E05011136,Frankley Great Park,2019-04-06,315,12670,3048.3 ,,
respiratory disease,E05011137,Garretts Green,2019-04-06,220,11495,2190.4 ,,
respiratory disease,E05011138,Glebe Farm & Tile Cross,2019-04-06,635,24485,2890.6 ,,
respiratory disease,E05011139,Gravelly Hill,2019-04-06,200,10520,2317.3 ,,
respiratory disease,E05011140,Hall Green North,2019-04-06,510,24545,2444.8 ,,
respiratory disease,E05011141,Hall Green South,2019-04-06,145,10990,1323.0 ,,
respiratory disease,E05011142,Handsworth,2019-04-06,205,11825,2187.5 ,,
respiratory disease,E05011143,Handsworth Wood,2019-04-06,385,20420,2255.8 ,,
respiratory disease,E05011144,Harborne,2019-04-06,420,22975,1964.1 ,,
respiratory disease,E05011145,Heartlands,2019-04-06,355,13360,3258.3 ,,
respiratory disease,E05011146,Highter's Heath,2019-04-06,200,10740,1982.1 ,,
respiratory disease,E05011147,Holyhead,2019-04-06,210,11285,2195.2 ,,
respiratory disease,E05011148,King's Norton North,2019-04-06,185,11630,1610.0 ,,
respiratory disease,E05011149,King's Norton South,2019-04-06,270,11570,2683.7 ,,
respiratory disease,E05011150,Kingstanding,2019-04-06,615,21135,3333.3 ,,
respiratory disease,E05011151,Ladywood,2019-04-06,285,25730,2141.4 ,,
respiratory disease,E05011152,Longbridge & West Heath,2019-04-06,555,21650,2616.7 ,,
respiratory disease,E05011153,Lozells,2019-04-06,200,12115,2426.4 ,,
respiratory disease,E05011154,Moseley,2019-04-06,420,21850,2091.5 ,,
respiratory disease,E05011155,Nechells,2019-04-06,285,16150,3063.1 ,,
respiratory disease,E05011156,Newtown,2019-04-06,190,16270,2005.3 ,,
respiratory disease,E05011157,North Edgbaston,2019-04-06,410,22535,2405.6 ,,
respiratory disease,E05011158,Northfield,2019-04-06,195,10405,1865.8 ,,
respiratory disease,E05011159,Oscott,2019-04-06,415,20560,2102.2 ,,
respiratory disease,E05011160,Perry Barr,2019-04-06,355,20600,1788.3 ,,
respiratory disease,E05011161,Perry Common,2019-04-06,390,12025,3488.4 ,,
respiratory disease,E05011162,Pype Hayes,2019-04-06,310,11060,3074.0 ,,
respiratory disease,E05011163,Quinton,2019-04-06,390,21380,1904.1 ,,
respiratory disease,E05011164,Rubery & Rednal,2019-04-06,225,10300,2452.7 ,,
respiratory disease,E05011165,Shard End,2019-04-06,265,12340,2315.6 ,,
respiratory disease,E05011166,Sheldon,2019-04-06,475,19925,2416.9 ,,
respiratory disease,E05011167,Small Heath,2019-04-06,450,21960,2366.4 ,,
respiratory disease,E05011168,Soho & Jewellery Quarter,2019-04-06,370,25430,2176.6 ,,
respiratory disease,E05011169,South Yardley,2019-04-06,165,10790,1758.9 ,,
respiratory disease,E05011170,Sparkbrook & Balsall Heath East,2019-04-06,535,27325,2654.1 ,,
respiratory disease,E05011171,Sparkhill,2019-04-06,345,21445,2121.5 ,,
respiratory disease,E05011172,Stirchley,2019-04-06,160,10105,1925.1 ,,
respiratory disease,E05011173,Stockland Green,2019-04-06,490,23600,2537.2 ,,
respiratory disease,E05011174,Sutton Four Oaks,2019-04-06,185,9320,1744.5 ,,
respiratory disease,E05011175,Sutton Mere Green,2019-04-06,180,10130,1619.8 ,,
respiratory disease,E05011176,Sutton Reddicap,2019-04-06,250,10050,2497.5 ,,
respiratory disease,E05011177,Sutton Roughley,2019-04-06,205,11945,1570.4 ,,
respiratory disease,E05011178,Sutton Trinity,2019-04-06,140,9490,1365.6 ,,
respiratory disease,E05011179,Sutton Vesey,2019-04-06,400,20105,1775.8 ,,
respiratory disease,E05011180,Sutton Walmley & Minworth,2019-04-06,410,16315,2336.9 ,,
respiratory disease,E05011181,Sutton Wylde Green,2019-04-06,210,9285,1856.1 ,,
respiratory disease,E05011182,Tyseley & Hay Mills,2019-04-06,275,11685,2973.1 ,,
respiratory disease,E05011183,Ward End,2019-04-06,320,13705,3266.1 ,,
respiratory disease,E05011184,Weoley & Selly Oak,2019-04-06,495,23475,2317.8 ,,
respiratory disease,E05011185,Yardley East,2019-04-06,230,11075,2005.7 ,,
respiratory disease,E05011186,Yardley West & Stechford,2019-04-06,380,13590,3557.9 ,,
COPD,E05011118,Acocks Green,2020-04-06,50,12265,462.1 ,,
COPD,E05011119,Allens Cross,2020-04-06,30,5900,517.4 ,,
COPD,E05011120,Alum Rock,2020-04-06,30,10950,513.3 ,,
COPD,E05011121,Aston,2020-04-06,25,10330,316.5 ,,
COPD,E05011122,Balsall Heath West,2020-04-06,20,5290,424.1 ,,
COPD,E05011123,Bartley Green,2020-04-06,50,12140,421.7 ,,
COPD,E05011124,Billesley,2020-04-06,40,11125,382.5 ,,
COPD,E05011125,Birchfield,2020-04-06,15,5645,304.0 ,,
COPD,E05011126,Bordesley & Highgate,2020-04-06,10,5320,342.4 ,,
COPD,E05011127,Bordesley Green,2020-04-06,15,5250,519.4 ,,
COPD,E05011128,Bournbrook & Selly Park,2020-04-06,15,5095,374.9 ,,
COPD,E05011129,Bournville & Cotteridge,2020-04-06,30,10975,284.0 ,,
COPD,E05011130,Brandwood & King's Heath,2020-04-06,40,10710,390.5 ,,
COPD,E05011131,Bromford & Hodge Hill,2020-04-06,35,10210,422.0 ,,
COPD,E05011132,Castle Vale,2020-04-06,40,5270,695.3 ,,
COPD,E05011133,Druids Heath & Monyhull,2020-04-06,20,6155,386.2 ,,
COPD,E05011134,Edgbaston,2020-04-06,10,7965,83.1 ,,
COPD,E05011135,Erdington,2020-04-06,25,11545,218.3 ,,
COPD,E05011136,Frankley Great Park,2020-04-06,40,6610,700.4 ,,
COPD,E05011137,Garretts Green,2020-04-06,20,5345,470.8 ,,
COPD,E05011138,Glebe Farm & Tile Cross,2020-04-06,60,11375,637.4 ,,
COPD,E05011139,Gravelly Hill,2020-04-06,10,5230,285.1 ,,
COPD,E05011140,Hall Green North,2020-04-06,25,11885,231.4 ,,
COPD,E05011141,Hall Green South,2020-04-06,10,6175,129.6 ,,
COPD,E05011142,Handsworth,2020-04-06,10,5535,129.6 ,,
COPD,E05011143,Handsworth Wood,2020-04-06,25,10545,265.8 ,,
COPD,E05011144,Harborne,2020-04-06,45,11950,383.3 ,,
COPD,E05011145,Heartlands,2020-04-06,10,5475,279.2 ,,
COPD,E05011146,Highter's Heath,2020-04-06,30,5920,546.0 ,,
COPD,E05011147,Holyhead,2020-04-06,10,5320,191.9 ,,
COPD,E05011148,King's Norton North,2020-04-06,25,6620,366.7 ,,
COPD,E05011149,King's Norton South,2020-04-06,45,5810,851.5 ,,
COPD,E05011150,Kingstanding,2020-04-06,60,10900,598.2 ,,
COPD,E05011151,Ladywood,2020-04-06,10,8835,170.3 ,,
COPD,E05011152,Longbridge & West Heath,2020-04-06,55,11955,451.7 ,,
COPD,E05011153,Lozells,2020-04-06,10,5005,267.4 ,,
COPD,E05011154,Moseley,2020-04-06,30,12045,271.9 ,,
COPD,E05011155,Nechells,2020-04-06,20,4960,561.2 ,,
COPD,E05011156,Newtown,2020-04-06,25,4915,675.9 ,,
COPD,E05011157,North Edgbaston,2020-04-06,10,10615,169.3 ,,
COPD,E05011158,Northfield,2020-04-06,25,6210,363.1 ,,
COPD,E05011159,Oscott,2020-04-06,35,10990,324.4 ,,
COPD,E05011160,Perry Barr,2020-04-06,20,11050,188.1 ,,
COPD,E05011161,Perry Common,2020-04-06,70,6375,1086.6 ,,
COPD,E05011162,Pype Hayes,2020-04-06,30,5990,517.0 ,,
COPD,E05011163,Quinton,2020-04-06,25,11990,230.9 ,,
COPD,E05011164,Rubery & Rednal,2020-04-06,30,5510,583.2 ,,
COPD,E05011165,Shard End,2020-04-06,30,6215,557.6 ,,
COPD,E05011166,Sheldon,2020-04-06,55,11080,510.8 ,,
COPD,E05011167,Small Heath,2020-04-06,20,8955,315.2 ,,
COPD,E05011168,Soho & Jewellery Quarter,2020-04-06,25,10005,351.1 ,,
COPD,E05011169,South Yardley,2020-04-06,10,5665,230.7 ,,
COPD,E05011170,Sparkbrook & Balsall Heath East,2020-04-06,20,11205,317.0 ,,
COPD,E05011171,Sparkhill,2020-04-06,10,9180,112.3 ,,
COPD,E05011172,Stirchley,2020-04-06,30,5365,664.6 ,,
COPD,E05011173,Stockland Green,2020-04-06,50,11645,550.8 ,,
COPD,E05011174,Sutton Four Oaks,2020-04-06,10,6145,65.4 ,,
COPD,E05011175,Sutton Mere Green,2020-04-06,15,6440,173.6 ,,
COPD,E05011176,Sutton Reddicap,2020-04-06,20,5650,365.1 ,,
COPD,E05011177,Sutton Roughley,2020-04-06,10,7305,87.4 ,,
COPD,E05011178,Sutton Trinity,2020-04-06,10,5890,72.5 ,,
COPD,E05011179,Sutton Vesey,2020-04-06,15,12695,120.8 ,,
COPD,E05011180,Sutton Walmley & Minworth,2020-04-06,25,10535,199.3 ,,
COPD,E05011181,Sutton Wylde Green,2020-04-06,10,6220,98.2 ,,
COPD,E05011182,Tyseley & Hay Mills,2020-04-06,25,5130,638.3 ,,
COPD,E05011183,Ward End,2020-04-06,20,5460,748.4 ,,
COPD,E05011184,Weoley & Selly Oak,2020-04-06,75,12105,629.2 ,,
COPD,E05011185,Yardley East,2020-04-06,20,5990,294.0 ,,
COPD,E05011186,Yardley West & Stechford,2020-04-06,50,6060,1014.3 ,,
respiratory disease,E05011118,Acocks Green,2020-04-06,230,24450,1097.8 ,,
respiratory disease,E05011119,Allens Cross,2020-04-06,85,11125,875.6 ,,
respiratory disease,E05011120,Alum Rock,2020-04-06,210,27950,1202.9 ,,
respiratory disease,E05011121,Aston,2020-04-06,145,24430,808.4 ,,
respiratory disease,E05011122,Balsall Heath West,2020-04-06,115,12155,1180.1 ,,
respiratory disease,E05011123,Bartley Green,2020-04-06,200,22670,989.0 ,,
respiratory disease,E05011124,Billesley,2020-04-06,190,21200,1010.2 ,,
respiratory disease,E05011125,Birchfield,2020-04-06,70,12475,784.4 ,,
respiratory disease,E05011126,Bordesley & Highgate,2020-04-06,105,15055,1253.7 ,,
respiratory disease,E05011127,Bordesley Green,2020-04-06,110,12970,1369.9 ,,
respiratory disease,E05011128,Bournbrook & Selly Park,2020-04-06,100,22355,1189.3 ,,
respiratory disease,E05011129,Bournville & Cotteridge,2020-04-06,165,19170,858.1 ,,
respiratory disease,E05011130,Brandwood & King's Heath,2020-04-06,145,18770,851.7 ,,
respiratory disease,E05011131,Bromford & Hodge Hill,2020-04-06,220,22370,1226.0 ,,
respiratory disease,E05011132,Castle Vale,2020-04-06,140,9925,1439.3 ,,
respiratory disease,E05011133,Druids Heath & Monyhull,2020-04-06,100,11635,944.0 ,,
respiratory disease,E05011134,Edgbaston,2020-04-06,75,18715,495.4 ,,
respiratory disease,E05011135,Erdington,2020-04-06,175,21520,851.2 ,,
respiratory disease,E05011136,Frankley Great Park,2020-04-06,150,12670,1502.3 ,,
respiratory disease,E05011137,Garretts Green,2020-04-06,75,11495,820.8 ,,
respiratory disease,E05011138,Glebe Farm & Tile Cross,2020-04-06,295,24485,1510.8 ,,
respiratory disease,E05011139,Gravelly Hill,2020-04-06,85,10520,998.2 ,,
respiratory disease,E05011140,Hall Green North,2020-04-06,165,24545,800.8 ,,
respiratory disease,E05011141,Hall Green South,2020-04-06,60,10990,557.1 ,,
respiratory disease,E05011142,Handsworth,2020-04-06,65,11825,734.6 ,,
respiratory disease,E05011143,Handsworth Wood,2020-04-06,150,20420,867.2 ,,
respiratory disease,E05011144,Harborne,2020-04-06,200,22975,969.3 ,,
respiratory disease,E05011145,Heartlands,2020-04-06,125,13360,1350.1 ,,
respiratory disease,E05011146,Highter's Heath,2020-04-06,100,10740,1037.4 ,,
respiratory disease,E05011147,Holyhead,2020-04-06,95,11285,1099.9 ,,
respiratory disease,E05011148,King's Norton North,2020-04-06,90,11630,794.3 ,,
respiratory disease,E05011149,King's Norton South,2020-04-06,155,11570,1664.4 ,,
respiratory disease,E05011150,Kingstanding,2020-04-06,240,21135,1376.3 ,,
respiratory disease,E05011151,Ladywood,2020-04-06,85,25730,726.1 ,,
respiratory disease,E05011152,Longbridge & West Heath,2020-04-06,225,21650,1075.6 ,,
respiratory disease,E05011153,Lozells,2020-04-06,65,12115,884.8 ,,
respiratory disease,E05011154,Moseley,2020-04-06,150,21850,801.2 ,,
respiratory disease,E05011155,Nechells,2020-04-06,110,16150,1454.6 ,,
respiratory disease,E05011156,Newtown,2020-04-06,110,16270,1429.4 ,,
respiratory disease,E05011157,North Edgbaston,2020-04-06,120,22535,698.2 ,,
respiratory disease,E05011158,Northfield,2020-04-06,105,10405,1022.7 ,,
respiratory disease,E05011159,Oscott,2020-04-06,200,20560,1078.8 ,,
respiratory disease,E05011160,Perry Barr,2020-04-06,125,20600,676.0 ,,
respiratory disease,E05011161,Perry Common,2020-04-06,180,12025,1687.8 ,,
respiratory disease,E05011162,Pype Hayes,2020-04-06,115,11060,1136.9 ,,
respiratory disease,E05011163,Quinton,2020-04-06,175,21380,873.8 ,,
respiratory disease,E05011164,Rubery & Rednal,2020-04-06,105,10300,1193.7 ,,
respiratory disease,E05011165,Shard End,2020-04-06,125,12340,1177.4 ,,
respiratory disease,E05011166,Sheldon,2020-04-06,195,19925,1010.3 ,,
respiratory disease,E05011167,Small Heath,2020-04-06,160,21960,1004.6 ,,
respiratory disease,E05011168,Soho & Jewellery Quarter,2020-04-06,160,25430,1123.6 ,,
respiratory disease,E05011169,South Yardley,2020-04-06,70,10790,771.8 ,,
respiratory disease,E05011170,Sparkbrook & Balsall Heath East,2020-04-06,190,27325,1077.2 ,,
respiratory disease,E05011171,Sparkhill,2020-04-06,115,21445,734.4 ,,
respiratory disease,E05011172,Stirchley,2020-04-06,85,10105,1125.5 ,,
respiratory disease,E05011173,Stockland Green,2020-04-06,225,23600,1231.2 ,,
respiratory disease,E05011174,Sutton Four Oaks,2020-04-06,100,9320,774.9 ,,
respiratory disease,E05011175,Sutton Mere Green,2020-04-06,85,10130,713.5 ,,
respiratory disease,E05011176,Sutton Reddicap,2020-04-06,80,10050,810.2 ,,
respiratory disease,E05011177,Sutton Roughley,2020-04-06,80,11945,600.8 ,,
respiratory disease,E05011178,Sutton Trinity,2020-04-06,70,9490,651.7 ,,
respiratory disease,E05011179,Sutton Vesey,2020-04-06,170,20105,732.3 ,,
respiratory disease,E05011180,Sutton Walmley & Minworth,2020-04-06,170,16315,923.4 ,,
respiratory disease,E05011181,Sutton Wylde Green,2020-04-06,90,9285,796.6 ,,
respiratory disease,E05011182,Tyseley & Hay Mills,2020-04-06,110,11685,1475.3 ,,
respiratory disease,E05011183,Ward End,2020-04-06,135,13705,1401.1 ,,
respiratory disease,E05011184,Weoley & Selly Oak,2020-04-06,255,23475,1236.1 ,,
respiratory disease,E05011185,Yardley East,2020-04-06,105,11075,978.1 ,,
respiratory disease,E05011186,Yardley West & Stechford,2020-04-06,170,13590,1775.0 ,,
COPD,E05011118,Acocks Green,2021-04-06,60,12265,543.7 ,,
COPD,E05011119,Allens Cross,2021-04-06,25,5900,437.1 ,,
COPD,E05011120,Alum Rock,2021-04-06,25,10950,310.4 ,,
COPD,E05011121,Aston,2021-04-06,20,10330,331.6 ,,
COPD,E05011122,Balsall Heath West,2021-04-06,25,5290,557.4 ,,
COPD,E05011123,Bartley Green,2021-04-06,80,12140,688.8 ,,
COPD,E05011124,Billesley,2021-04-06,75,11125,698.2 ,,
COPD,E05011125,Birchfield,2021-04-06,10,5645,110.8 ,,
COPD,E05011126,Bordesley & Highgate,2021-04-06,10,5320,371.0 ,,
COPD,E05011127,Bordesley Green,2021-04-06,20,5250,618.8 ,,
COPD,E05011128,Bournbrook & Selly Park,2021-04-06,15,5095,293.9 ,,
COPD,E05011129,Bournville & Cotteridge,2021-04-06,60,10975,540.0 ,,
COPD,E05011130,Brandwood & King's Heath,2021-04-06,50,10710,538.9 ,,
COPD,E05011131,Bromford & Hodge Hill,2021-04-06,35,10210,383.9 ,,
COPD,E05011132,Castle Vale,2021-04-06,60,5270,1149.5 ,,
COPD,E05011133,Druids Heath & Monyhull,2021-04-06,45,6155,792.3 ,,
COPD,E05011134,Edgbaston,2021-04-06,15,7965,190.8 ,,
COPD,E05011135,Erdington,2021-04-06,45,11545,408.4 ,,
COPD,E05011136,Frankley Great Park,2021-04-06,55,6610,896.9 ,,
COPD,E05011137,Garretts Green,2021-04-06,35,5345,815.7 ,,
COPD,E05011138,Glebe Farm & Tile Cross,2021-04-06,80,11375,823.3 ,,
COPD,E05011139,Gravelly Hill,2021-04-06,15,5230,346.4 ,,
COPD,E05011140,Hall Green North,2021-04-06,25,11885,261.9 ,,
COPD,E05011141,Hall Green South,2021-04-06,10,6175,115.0 ,,
COPD,E05011142,Handsworth,2021-04-06,10,5535,280.5 ,,
COPD,E05011143,Handsworth Wood,2021-04-06,30,10545,320.2 ,,
COPD,E05011144,Harborne,2021-04-06,70,11950,605.0 ,,
COPD,E05011145,Heartlands,2021-04-06,20,5475,533.9 ,,
COPD,E05011146,Highter's Heath,2021-04-06,45,5920,803.1 ,,
COPD,E05011147,Holyhead,2021-04-06,10,5320,261.7 ,,
COPD,E05011148,King's Norton North,2021-04-06,25,6620,399.4 ,,
COPD,E05011149,King's Norton South,2021-04-06,50,5810,884.9 ,,
COPD,E05011150,Kingstanding,2021-04-06,85,10900,911.6 ,,
COPD,E05011151,Ladywood,2021-04-06,20,8835,461.8 ,,
COPD,E05011152,Longbridge & West Heath,2021-04-06,85,11955,716.8 ,,
COPD,E05011153,Lozells,2021-04-06,10,5005,409.4 ,,
COPD,E05011154,Moseley,2021-04-06,45,12045,405.2 ,,
COPD,E05011155,Nechells,2021-04-06,25,4960,770.2 ,,
COPD,E05011156,Newtown,2021-04-06,10,4915,369.4 ,,
COPD,E05011157,North Edgbaston,2021-04-06,25,10615,332.8 ,,
COPD,E05011158,Northfield,2021-04-06,30,6210,506.7 ,,
COPD,E05011159,Oscott,2021-04-06,35,10990,342.5 ,,
COPD,E05011160,Perry Barr,2021-04-06,20,11050,216.4 ,,
COPD,E05011161,Perry Common,2021-04-06,75,6375,1198.2 ,,
COPD,E05011162,Pype Hayes,2021-04-06,60,5990,1102.6 ,,
COPD,E05011163,Quinton,2021-04-06,40,11990,343.9 ,,
COPD,E05011164,Rubery & Rednal,2021-04-06,40,5510,815.7 ,,
COPD,E05011165,Shard End,2021-04-06,55,6215,994.2 ,,
COPD,E05011166,Sheldon,2021-04-06,60,11080,532.9 ,,
COPD,E05011167,Small Heath,2021-04-06,25,8955,412.4 ,,
COPD,E05011168,Soho & Jewellery Quarter,2021-04-06,35,10005,605.2 ,,
COPD,E05011169,South Yardley,2021-04-06,10,5665,161.0 ,,
COPD,E05011170,Sparkbrook & Balsall Heath East,2021-04-06,25,11205,292.6 ,,
COPD,E05011171,Sparkhill,2021-04-06,15,9180,218.8 ,,
COPD,E05011172,Stirchley,2021-04-06,20,5365,528.2 ,,
COPD,E05011173,Stockland Green,2021-04-06,60,11645,634.8 ,,
COPD,E05011174,Sutton Four Oaks,2021-04-06,10,6145,111.5 ,,
COPD,E05011175,Sutton Mere Green,2021-04-06,20,6440,271.9 ,,
COPD,E05011176,Sutton Reddicap,2021-04-06,35,5650,587.7 ,,
COPD,E05011177,Sutton Roughley,2021-04-06,10,7305,111.8 ,,
COPD,E05011178,Sutton Trinity,2021-04-06,15,5890,233.0 ,,
COPD,E05011179,Sutton Vesey,2021-04-06,35,12695,244.0 ,,
COPD,E05011180,Sutton Walmley & Minworth,2021-04-06,30,10535,254.4 ,,
COPD,E05011181,Sutton Wylde Green,2021-04-06,15,6220,185.4 ,,
COPD,E05011182,Tyseley & Hay Mills,2021-04-06,30,5130,717.9 ,,
COPD,E05011183,Ward End,2021-04-06,20,5460,736.8 ,,
COPD,E05011184,Weoley & Selly Oak,2021-04-06,60,12105,519.3 ,,
COPD,E05011185,Yardley East,2021-04-06,35,5990,617.2 ,,
COPD,E05011186,Yardley West & Stechford,2021-04-06,50,6060,1083.2 ,,
respiratory disease,E05011118,Acocks Green,2021-04-06,410,24450,1788.6 ,,
respiratory disease,E05011119,Allens Cross,2021-04-06,130,11125,1294.4 ,,
respiratory disease,E05011120,Alum Rock,2021-04-06,430,27950,1829.5 ,,
respiratory disease,E05011121,Aston,2021-04-06,275,24430,1326.1 ,,
respiratory disease,E05011122,Balsall Heath West,2021-04-06,180,12155,1711.7 ,,
respiratory disease,E05011123,Bartley Green,2021-04-06,330,22670,1566.5 ,,
respiratory disease,E05011124,Billesley,2021-04-06,325,21200,1638.1 ,,
respiratory disease,E05011125,Birchfield,2021-04-06,105,12475,905.9 ,,
respiratory disease,E05011126,Bordesley & Highgate,2021-04-06,165,15055,1663.3 ,,
respiratory disease,E05011127,Bordesley Green,2021-04-06,210,12970,2186.5 ,,
respiratory disease,E05011128,Bournbrook & Selly Park,2021-04-06,145,22355,1228.1 ,,
respiratory disease,E05011129,Bournville & Cotteridge,2021-04-06,275,19170,1416.1 ,,
respiratory disease,E05011130,Brandwood & King's Heath,2021-04-06,240,18770,1400.1 ,,
respiratory disease,E05011131,Bromford & Hodge Hill,2021-04-06,360,22370,1761.9 ,,
respiratory disease,E05011132,Castle Vale,2021-04-06,250,9925,2679.1 ,,
respiratory disease,E05011133,Druids Heath & Monyhull,2021-04-06,175,11635,1619.9 ,,
respiratory disease,E05011134,Edgbaston,2021-04-06,155,18715,995.4 ,,
respiratory disease,E05011135,Erdington,2021-04-06,355,21520,1741.4 ,,
respiratory disease,E05011136,Frankley Great Park,2021-04-06,200,12670,1971.6 ,,
respiratory disease,E05011137,Garretts Green,2021-04-06,200,11495,1977.7 ,,
respiratory disease,E05011138,Glebe Farm & Tile Cross,2021-04-06,540,24485,2421.6 ,,
respiratory disease,E05011139,Gravelly Hill,2021-04-06,130,10520,1354.1 ,,
respiratory disease,E05011140,Hall Green North,2021-04-06,310,24545,1378.7 ,,
respiratory disease,E05011141,Hall Green South,2021-04-06,80,10990,730.6 ,,
respiratory disease,E05011142,Handsworth,2021-04-06,140,11825,1470.9 ,,
respiratory disease,E05011143,Handsworth Wood,2021-04-06,205,20420,1173.7 ,,
respiratory disease,E05011144,Harborne,2021-04-06,340,22975,1560.8 ,,
respiratory disease,E05011145,Heartlands,2021-04-06,245,13360,2303.9 ,,
respiratory disease,E05011146,Highter's Heath,2021-04-06,200,10740,2022.1 ,,
respiratory disease,E05011147,Holyhead,2021-04-06,130,11285,1316.7 ,,
respiratory disease,E05011148,King's Norton North,2021-04-06,135,11630,1156.0 ,,
respiratory disease,E05011149,King's Norton South,2021-04-06,210,11570,2116.0 ,,
respiratory disease,E05011150,Kingstanding,2021-04-06,400,21135,2104.2 ,,
respiratory disease,E05011151,Ladywood,2021-04-06,175,25730,1086.9 ,,
respiratory disease,E05011152,Longbridge & West Heath,2021-04-06,375,21650,1743.6 ,,
respiratory disease,E05011153,Lozells,2021-04-06,150,12115,1732.3 ,,
respiratory disease,E05011154,Moseley,2021-04-06,305,21850,1513.0 ,,
respiratory disease,E05011155,Nechells,2021-04-06,185,16150,2039.5 ,,
respiratory disease,E05011156,Newtown,2021-04-06,150,16270,1507.1 ,,
respiratory disease,E05011157,North Edgbaston,2021-04-06,285,22535,1529.9 ,,
respiratory disease,E05011158,Northfield,2021-04-06,170,10405,1654.3 ,,
respiratory disease,E05011159,Oscott,2021-04-06,265,20560,1319.7 ,,
respiratory disease,E05011160,Perry Barr,2021-04-06,235,20600,1170.2 ,,
respiratory disease,E05011161,Perry Common,2021-04-06,285,12025,2566.7 ,,
respiratory disease,E05011162,Pype Hayes,2021-04-06,240,11060,2419.2 ,,
respiratory disease,E05011163,Quinton,2021-04-06,235,21380,1128.6 ,,
respiratory disease,E05011164,Rubery & Rednal,2021-04-06,140,10300,1557.1 ,,
respiratory disease,E05011165,Shard End,2021-04-06,265,12340,2297.8 ,,
respiratory disease,E05011166,Sheldon,2021-04-06,310,19925,1557.3 ,,
respiratory disease,E05011167,Small Heath,2021-04-06,355,21960,2052.6 ,,
respiratory disease,E05011168,Soho & Jewellery Quarter,2021-04-06,280,25430,1682.4 ,,
respiratory disease,E05011169,South Yardley,2021-04-06,105,10790,1029.5 ,,
respiratory disease,E05011170,Sparkbrook & Balsall Heath East,2021-04-06,325,27325,1444.5 ,,
respiratory disease,E05011171,Sparkhill,2021-04-06,245,21445,1404.5 ,,
respiratory disease,E05011172,Stirchley,2021-04-06,115,10105,1419.5 ,,
respiratory disease,E05011173,Stockland Green,2021-04-06,410,23600,2103.5 ,,
respiratory disease,E05011174,Sutton Four Oaks,2021-04-06,135,9320,1215.4 ,,
respiratory disease,E05011175,Sutton Mere Green,2021-04-06,135,10130,1084.8 ,,
respiratory disease,E05011176,Sutton Reddicap,2021-04-06,175,10050,1771.7 ,,
respiratory disease,E05011177,Sutton Roughley,2021-04-06,120,11945,934.8 ,,
respiratory disease,E05011178,Sutton Trinity,2021-04-06,115,9490,1123.1 ,,
respiratory disease,E05011179,Sutton Vesey,2021-04-06,290,20105,1286.7 ,,
respiratory disease,E05011180,Sutton Walmley & Minworth,2021-04-06,235,16315,1358.7 ,,
respiratory disease,E05011181,Sutton Wylde Green,2021-04-06,150,9285,1431.4 ,,
respiratory disease,E05011182,Tyseley & Hay Mills,2021-04-06,225,11685,2416.8 ,,
respiratory disease,E05011183,Ward End,2021-04-06,215,13705,2022.7 ,,
respiratory disease,E05011184,Weoley & Selly Oak,2021-04-06,330,23475,1512.8 ,,
respiratory disease,E05011185,Yardley East,2021-04-06,215,11075,1903.4 ,,
respiratory disease,E05011186,Yardley West & Stechford,2021-04-06,250,13590,2397.0 ,,
COPD,E05011118,Acocks Green,2022-04-06,55,12265,525.6 ,,
COPD,E05011119,Allens Cross,2022-04-06,30,5900,511.2 ,,
COPD,E05011120,Alum Rock,2022-04-06,30,10950,351.1 ,,
COPD,E05011121,Aston,2022-04-06,30,10330,431.9 ,,
COPD,E05011122,Balsall Heath West,2022-04-06,30,5290,690.5 ,,
COPD,E05011123,Bartley Green,2022-04-06,65,12140,562.2 ,,
COPD,E05011124,Billesley,2022-04-06,100,11125,978.6 ,,
COPD,E05011125,Birchfield,2022-04-06,20,5645,407.6 ,,
COPD,E05011126,Bordesley & Highgate,2022-04-06,10,5320,234.0 ,,
COPD,E05011127,Bordesley Green,2022-04-06,20,5250,644.7 ,,
COPD,E05011128,Bournbrook & Selly Park,2022-04-06,20,5095,390.9 ,,
COPD,E05011129,Bournville & Cotteridge,2022-04-06,50,10975,463.7 ,,
COPD,E05011130,Brandwood & King's Heath,2022-04-06,50,10710,508.6 ,,
COPD,E05011131,Bromford & Hodge Hill,2022-04-06,40,10210,459.7 ,,
COPD,E05011132,Castle Vale,2022-04-06,55,5270,1066.5 ,,
COPD,E05011133,Druids Heath & Monyhull,2022-04-06,60,6155,1099.1 ,,
COPD,E05011134,Edgbaston,2022-04-06,20,7965,279.9 ,,
COPD,E05011135,Erdington,2022-04-06,60,11545,577.6 ,,
COPD,E05011136,Frankley Great Park,2022-04-06,80,6610,1414.2 ,,
COPD,E05011137,Garretts Green,2022-04-06,30,5345,647.7 ,,
COPD,E05011138,Glebe Farm & Tile Cross,2022-04-06,80,11375,872.0 ,,
COPD,E05011139,Gravelly Hill,2022-04-06,20,5230,450.2 ,,
COPD,E05011140,Hall Green North,2022-04-06,30,11885,336.0 ,,
COPD,E05011141,Hall Green South,2022-04-06,15,6175,278.6 ,,
COPD,E05011142,Handsworth,2022-04-06,10,5535,149.2 ,,
COPD,E05011143,Handsworth Wood,2022-04-06,25,10545,275.8 ,,
COPD,E05011144,Harborne,2022-04-06,55,11950,477.6 ,,
COPD,E05011145,Heartlands,2022-04-06,15,5475,402.6 ,,
COPD,E05011146,Highter's Heath,2022-04-06,50,5920,911.1 ,,
COPD,E05011147,Holyhead,2022-04-06,20,5320,494.2 ,,
COPD,E05011148,King's Norton North,2022-04-06,25,6620,387.3 ,,
COPD,E05011149,King's Norton South,2022-04-06,45,5810,873.3 ,,
COPD,E05011150,Kingstanding,2022-04-06,100,10900,1018.2 ,,
COPD,E05011151,Ladywood,2022-04-06,25,8835,569.0 ,,
COPD,E05011152,Longbridge & West Heath,2022-04-06,85,11955,710.0 ,,
COPD,E05011153,Lozells,2022-04-06,15,5005,551.4 ,,
COPD,E05011154,Moseley,2022-04-06,55,12045,550.8 ,,
COPD,E05011155,Nechells,2022-04-06,30,4960,841.2 ,,
COPD,E05011156,Newtown,2022-04-06,15,4915,439.2 ,,
COPD,E05011157,North Edgbaston,2022-04-06,20,10615,226.4 ,,
COPD,E05011158,Northfield,2022-04-06,30,6210,488.0 ,,
COPD,E05011159,Oscott,2022-04-06,50,10990,481.0 ,,
COPD,E05011160,Perry Barr,2022-04-06,30,11050,301.9 ,,
COPD,E05011161,Perry Common,2022-04-06,65,6375,1031.8 ,,
COPD,E05011162,Pype Hayes,2022-04-06,60,5990,1104.4 ,,
COPD,E05011163,Quinton,2022-04-06,35,11990,309.3 ,,
COPD,E05011164,Rubery & Rednal,2022-04-06,30,5510,556.3 ,,
COPD,E05011165,Shard End,2022-04-06,45,6215,843.4 ,,
COPD,E05011166,Sheldon,2022-04-06,65,11080,598.8 ,,
COPD,E05011167,Small Heath,2022-04-06,20,8955,387.6 ,,
COPD,E05011168,Soho & Jewellery Quarter,2022-04-06,30,10005,541.4 ,,
COPD,E05011169,South Yardley,2022-04-06,15,5665,271.3 ,,
COPD,E05011170,Sparkbrook & Balsall Heath East,2022-04-06,20,11205,236.1 ,,
COPD,E05011171,Sparkhill,2022-04-06,10,9180,149.1 ,,
COPD,E05011172,Stirchley,2022-04-06,15,5365,359.6 ,,
COPD,E05011173,Stockland Green,2022-04-06,70,11645,679.7 ,,
COPD,E05011174,Sutton Four Oaks,2022-04-06,20,6145,255.3 ,,
COPD,E05011175,Sutton Mere Green,2022-04-06,20,6440,256.2 ,,
COPD,E05011176,Sutton Reddicap,2022-04-06,35,5650,626.5 ,,
COPD,E05011177,Sutton Roughley,2022-04-06,15,7305,181.8 ,,
COPD,E05011178,Sutton Trinity,2022-04-06,10,5890,117.5 ,,
COPD,E05011179,Sutton Vesey,2022-04-06,35,12695,261.9 ,,
COPD,E05011180,Sutton Walmley & Minworth,2022-04-06,30,10535,261.6 ,,
COPD,E05011181,Sutton Wylde Green,2022-04-06,15,6220,196.0 ,,
COPD,E05011182,Tyseley & Hay Mills,2022-04-06,30,5130,825.4 ,,
COPD,E05011183,Ward End,2022-04-06,20,5460,633.9 ,,
COPD,E05011184,Weoley & Selly Oak,2022-04-06,80,12105,696.1 ,,
COPD,E05011185,Yardley East,2022-04-06,40,5990,640.4 ,,
COPD,E05011186,Yardley West & Stechford,2022-04-06,50,6060,1067.4 ,,
respiratory disease,E05011118,Acocks Green,2022-04-06,525,24450,2305.0 ,,
respiratory disease,E05011119,Allens Cross,2022-04-06,160,11125,1619.2 ,,
respiratory disease,E05011120,Alum Rock,2022-04-06,565,27950,2365.5 ,,
respiratory disease,E05011121,Aston,2022-04-06,335,24430,1781.3 ,,
respiratory disease,E05011122,Balsall Heath West,2022-04-06,210,12155,2039.9 ,,
respiratory disease,E05011123,Bartley Green,2022-04-06,440,22670,2100.1 ,,
respiratory disease,E05011124,Billesley,2022-04-06,445,21200,2289.1 ,,
respiratory disease,E05011125,Birchfield,2022-04-06,180,12475,1835.2 ,,
respiratory disease,E05011126,Bordesley & Highgate,2022-04-06,220,15055,2209.0 ,,
respiratory disease,E05011127,Bordesley Green,2022-04-06,290,12970,2697.2 ,,
respiratory disease,E05011128,Bournbrook & Selly Park,2022-04-06,170,22355,1538.0 ,,
respiratory disease,E05011129,Bournville & Cotteridge,2022-04-06,355,19170,1857.1 ,,
respiratory disease,E05011130,Brandwood & King's Heath,2022-04-06,310,18770,1813.5 ,,
respiratory disease,E05011131,Bromford & Hodge Hill,2022-04-06,505,22370,2491.2 ,,
respiratory disease,E05011132,Castle Vale,2022-04-06,280,9925,2902.2 ,,
respiratory disease,E05011133,Druids Heath & Monyhull,2022-04-06,240,11635,2342.7 ,,
respiratory disease,E05011134,Edgbaston,2022-04-06,180,18715,1188.6 ,,
respiratory disease,E05011135,Erdington,2022-04-06,495,21520,2339.8 ,,
respiratory disease,E05011136,Frankley Great Park,2022-04-06,290,12670,2846.7 ,,
respiratory disease,E05011137,Garretts Green,2022-04-06,205,11495,1958.3 ,,
respiratory disease,E05011138,Glebe Farm & Tile Cross,2022-04-06,630,24485,2923.0 ,,
respiratory disease,E05011139,Gravelly Hill,2022-04-06,220,10520,2337.2 ,,
respiratory disease,E05011140,Hall Green North,2022-04-06,420,24545,1854.9 ,,
respiratory disease,E05011141,Hall Green South,2022-04-06,145,10990,1344.7 ,,
respiratory disease,E05011142,Handsworth,2022-04-06,160,11825,1651.4 ,,
respiratory disease,E05011143,Handsworth Wood,2022-04-06,290,20420,1673.5 ,,
respiratory disease,E05011144,Harborne,2022-04-06,365,22975,1686.4 ,,
respiratory disease,E05011145,Heartlands,2022-04-06,290,13360,2670.3 ,,
respiratory disease,E05011146,Highter's Heath,2022-04-06,185,10740,1874.6 ,,
respiratory disease,E05011147,Holyhead,2022-04-06,180,11285,1842.9 ,,
respiratory disease,E05011148,King's Norton North,2022-04-06,165,11630,1423.4 ,,
respiratory disease,E05011149,King's Norton South,2022-04-06,215,11570,2161.8 ,,
respiratory disease,E05011150,Kingstanding,2022-04-06,505,21135,2613.8 ,,
respiratory disease,E05011151,Ladywood,2022-04-06,175,25730,1415.0 ,,
respiratory disease,E05011152,Longbridge & West Heath,2022-04-06,445,21650,2070.0 ,,
respiratory disease,E05011153,Lozells,2022-04-06,145,12115,1838.8 ,,
respiratory disease,E05011154,Moseley,2022-04-06,400,21850,2035.1 ,,
respiratory disease,E05011155,Nechells,2022-04-06,230,16150,2507.1 ,,
respiratory disease,E05011156,Newtown,2022-04-06,170,16270,1797.0 ,,
respiratory disease,E05011157,North Edgbaston,2022-04-06,315,22535,1733.4 ,,
respiratory disease,E05011158,Northfield,2022-04-06,220,10405,2082.8 ,,
respiratory disease,E05011159,Oscott,2022-04-06,360,20560,1842.4 ,,
respiratory disease,E05011160,Perry Barr,2022-04-06,300,20600,1515.2 ,,
respiratory disease,E05011161,Perry Common,2022-04-06,330,12025,2864.4 ,,
respiratory disease,E05011162,Pype Hayes,2022-04-06,285,11060,2786.1 ,,
respiratory disease,E05011163,Quinton,2022-04-06,285,21380,1366.5 ,,
respiratory disease,E05011164,Rubery & Rednal,2022-04-06,160,10300,1674.4 ,,
respiratory disease,E05011165,Shard End,2022-04-06,280,12340,2428.5 ,,
respiratory disease,E05011166,Sheldon,2022-04-06,430,19925,2153.9 ,,
respiratory disease,E05011167,Small Heath,2022-04-06,455,21960,2618.3 ,,
respiratory disease,E05011168,Soho & Jewellery Quarter,2022-04-06,325,25430,1929.3 ,,
respiratory disease,E05011169,South Yardley,2022-04-06,145,10790,1384.3 ,,
respiratory disease,E05011170,Sparkbrook & Balsall Heath East,2022-04-06,435,27325,2019.6 ,,
respiratory disease,E05011171,Sparkhill,2022-04-06,315,21445,1702.9 ,,
respiratory disease,E05011172,Stirchley,2022-04-06,125,10105,1461.2 ,,
respiratory disease,E05011173,Stockland Green,2022-04-06,555,23600,2629.8 ,,
respiratory disease,E05011174,Sutton Four Oaks,2022-04-06,220,9320,2114.9 ,,
respiratory disease,E05011175,Sutton Mere Green,2022-04-06,150,10130,1310.4 ,,
respiratory disease,E05011176,Sutton Reddicap,2022-04-06,240,10050,2343.5 ,,
respiratory disease,E05011177,Sutton Roughley,2022-04-06,220,11945,1704.7 ,,
respiratory disease,E05011178,Sutton Trinity,2022-04-06,140,9490,1390.1 ,,
respiratory disease,E05011179,Sutton Vesey,2022-04-06,370,20105,1618.0 ,,
respiratory disease,E05011180,Sutton Walmley & Minworth,2022-04-06,345,16315,2003.7 ,,
respiratory disease,E05011181,Sutton Wylde Green,2022-04-06,185,9285,1712.3 ,,
respiratory disease,E05011182,Tyseley & Hay Mills,2022-04-06,260,11685,2935.1 ,,
respiratory disease,E05011183,Ward End,2022-04-06,305,13705,2687.4 ,,
respiratory disease,E05011184,Weoley & Selly Oak,2022-04-06,430,23475,1995.4 ,,
respiratory disease,E05011185,Yardley East,2022-04-06,230,11075,2061.5 ,,
respiratory disease,E05011186,Yardley West & Stechford,2022-04-06,350,13590,3126.9 ,,
COPD,E05011118,Acocks Green,2023-04-06,85,12265,822.1 ,,
COPD,E05011119,Allens Cross,2023-04-06,35,5900,587.3 ,,
COPD,E05011120,Alum Rock,2023-04-06,35,10950,475.3 ,,
COPD,E05011121,Aston,2023-04-06,30,10330,378.0 ,,
COPD,E05011122,Balsall Heath West,2023-04-06,20,5290,409.0 ,,
COPD,E05011123,Bartley Green,2023-04-06,75,12140,631.9 ,,
COPD,E05011124,Billesley,2023-04-06,70,11125,712.2 ,,
COPD,E05011125,Birchfield,2023-04-06,10,5645,244.5 ,,
COPD,E05011126,Bordesley & Highgate,2023-04-06,15,5320,495.4 ,,
COPD,E05011127,Bordesley Green,2023-04-06,15,5250,432.9 ,,
COPD,E05011128,Bournbrook & Selly Park,2023-04-06,15,5095,302.7 ,,
COPD,E05011129,Bournville & Cotteridge,2023-04-06,55,10975,504.1 ,,
COPD,E05011130,Brandwood & King's Heath,2023-04-06,60,10710,616.1 ,,
COPD,E05011131,Bromford & Hodge Hill,2023-04-06,55,10210,638.9 ,,
COPD,E05011132,Castle Vale,2023-04-06,70,5270,1336.9 ,,
COPD,E05011133,Druids Heath & Monyhull,2023-04-06,60,6155,1074.0 ,,
COPD,E05011134,Edgbaston,2023-04-06,25,7965,322.5 ,,
COPD,E05011135,Erdington,2023-04-06,75,11545,705.4 ,,
COPD,E05011136,Frankley Great Park,2023-04-06,75,6610,1336.7 ,,
COPD,E05011137,Garretts Green,2023-04-06,40,5345,830.4 ,,
COPD,E05011138,Glebe Farm & Tile Cross,2023-04-06,90,11375,982.9 ,,
COPD,E05011139,Gravelly Hill,2023-04-06,30,5230,651.5 ,,
COPD,E05011140,Hall Green North,2023-04-06,40,11885,375.7 ,,
COPD,E05011141,Hall Green South,2023-04-06,10,6175,182.8 ,,
COPD,E05011142,Handsworth,2023-04-06,20,5535,394.8 ,,
COPD,E05011143,Handsworth Wood,2023-04-06,25,10545,319.7 ,,
COPD,E05011144,Harborne,2023-04-06,85,11950,764.8 ,,
COPD,E05011145,Heartlands,2023-04-06,45,5475,1143.9 ,,
COPD,E05011146,Highter's Heath,2023-04-06,30,5920,518.3 ,,
COPD,E05011147,Holyhead,2023-04-06,10,5320,224.1 ,,
COPD,E05011148,King's Norton North,2023-04-06,15,6620,248.3 ,,
COPD,E05011149,King's Norton South,2023-04-06,55,5810,971.7 ,,
COPD,E05011150,Kingstanding,2023-04-06,130,10900,1291.8 ,,
COPD,E05011151,Ladywood,2023-04-06,25,8835,490.0 ,,
COPD,E05011152,Longbridge & West Heath,2023-04-06,95,11955,791.7 ,,
COPD,E05011153,Lozells,2023-04-06,15,5005,565.4 ,,
COPD,E05011154,Moseley,2023-04-06,50,12045,436.7 ,,
COPD,E05011155,Nechells,2023-04-06,25,4960,819.3 ,,
COPD,E05011156,Newtown,2023-04-06,25,4915,864.3 ,,
COPD,E05011157,North Edgbaston,2023-04-06,20,10615,266.2 ,,
COPD,E05011158,Northfield,2023-04-06,40,6210,597.5 ,,
COPD,E05011159,Oscott,2023-04-06,70,10990,658.9 ,,
COPD,E05011160,Perry Barr,2023-04-06,45,11050,436.6 ,,
COPD,E05011161,Perry Common,2023-04-06,65,6375,1002.8 ,,
COPD,E05011162,Pype Hayes,2023-04-06,50,5990,915.3 ,,
COPD,E05011163,Quinton,2023-04-06,30,11990,283.2 ,,
COPD,E05011164,Rubery & Rednal,2023-04-06,40,5510,748.4 ,,
COPD,E05011165,Shard End,2023-04-06,40,6215,716.0 ,,
COPD,E05011166,Sheldon,2023-04-06,65,11080,566.3 ,,
COPD,E05011167,Small Heath,2023-04-06,45,8955,659.6 ,,
COPD,E05011168,Soho & Jewellery Quarter,2023-04-06,30,10005,447.6 ,,
COPD,E05011169,South Yardley,2023-04-06,10,5665,240.4 ,,
COPD,E05011170,Sparkbrook & Balsall Heath East,2023-04-06,35,11205,459.9 ,,
COPD,E05011171,Sparkhill,2023-04-06,20,9180,267.6 ,,
COPD,E05011172,Stirchley,2023-04-06,25,5365,631.2 ,,
COPD,E05011173,Stockland Green,2023-04-06,75,11645,765.4 ,,
COPD,E05011174,Sutton Four Oaks,2023-04-06,40,6145,556.0 ,,
COPD,E05011175,Sutton Mere Green,2023-04-06,20,6440,291.6 ,,
COPD,E05011176,Sutton Reddicap,2023-04-06,30,5650,527.1 ,,
COPD,E05011177,Sutton Roughley,2023-04-06,20,7305,282.3 ,,
COPD,E05011178,Sutton Trinity,2023-04-06,15,5890,202.0 ,,
COPD,E05011179,Sutton Vesey,2023-04-06,40,12695,268.8 ,,
COPD,E05011180,Sutton Walmley & Minworth,2023-04-06,40,10535,329.4 ,,
COPD,E05011181,Sutton Wylde Green,2023-04-06,25,6220,287.4 ,,
COPD,E05011182,Tyseley & Hay Mills,2023-04-06,30,5130,810.2 ,,
COPD,E05011183,Ward End,2023-04-06,25,5460,682.4 ,,
COPD,E05011184,Weoley & Selly Oak,2023-04-06,75,12105,640.5 ,,
COPD,E05011185,Yardley East,2023-04-06,35,5990,562.9 ,,
COPD,E05011186,Yardley West & Stechford,2023-04-06,50,6060,1044.8 ,,
respiratory disease,E05011118,Acocks Green,2023-04-06,585,24450,2631.3 ,,
respiratory disease,E05011119,Allens Cross,2023-04-06,200,11125,1978.9 ,,
respiratory disease,E05011120,Alum Rock,2023-04-06,630,27950,2770.0 ,,
respiratory disease,E05011121,Aston,2023-04-06,345,24430,1779.6 ,,
respiratory disease,E05011122,Balsall Heath West,2023-04-06,245,12155,2391.3 ,,
respiratory disease,E05011123,Bartley Green,2023-04-06,450,22670,2176.8 ,,
respiratory disease,E05011124,Billesley,2023-04-06,490,21200,2458.9 ,,
respiratory disease,E05011125,Birchfield,2023-04-06,140,12475,1311.4 ,,
respiratory disease,E05011126,Bordesley & Highgate,2023-04-06,290,15055,2801.6 ,,
respiratory disease,E05011127,Bordesley Green,2023-04-06,320,12970,3100.5 ,,
respiratory disease,E05011128,Bournbrook & Selly Park,2023-04-06,175,22355,1609.1 ,,
respiratory disease,E05011129,Bournville & Cotteridge,2023-04-06,395,19170,2039.5 ,,
respiratory disease,E05011130,Brandwood & King's Heath,2023-04-06,355,18770,2032.3 ,,
respiratory disease,E05011131,Bromford & Hodge Hill,2023-04-06,535,22370,2672.5 ,,
respiratory disease,E05011132,Castle Vale,2023-04-06,345,9925,3756.8 ,,
respiratory disease,E05011133,Druids Heath & Monyhull,2023-04-06,230,11635,2193.6 ,,
respiratory disease,E05011134,Edgbaston,2023-04-06,205,18715,1316.5 ,,
respiratory disease,E05011135,Erdington,2023-04-06,525,21520,2489.9 ,,
respiratory disease,E05011136,Frankley Great Park,2023-04-06,335,12670,3378.3 ,,
respiratory disease,E05011137,Garretts Green,2023-04-06,240,11495,2339.1 ,,
respiratory disease,E05011138,Glebe Farm & Tile Cross,2023-04-06,675,24485,3121.3 ,,
respiratory disease,E05011139,Gravelly Hill,2023-04-06,220,10520,2333.4 ,,
respiratory disease,E05011140,Hall Green North,2023-04-06,515,24545,2281.3 ,,
respiratory disease,E05011141,Hall Green South,2023-04-06,165,10990,1518.4 ,,
respiratory disease,E05011142,Handsworth,2023-04-06,165,11825,1712.4 ,,
respiratory disease,E05011143,Handsworth Wood,2023-04-06,245,20420,1461.1 ,,
respiratory disease,E05011144,Harborne,2023-04-06,480,22975,2234.4 ,,
respiratory disease,E05011145,Heartlands,2023-04-06,375,13360,3523.4 ,,
respiratory disease,E05011146,Highter's Heath,2023-04-06,200,10740,1953.7 ,,
respiratory disease,E05011147,Holyhead,2023-04-06,205,11285,2198.5 ,,
respiratory disease,E05011148,King's Norton North,2023-04-06,140,11630,1216.5 ,,
respiratory disease,E05011149,King's Norton South,2023-04-06,300,11570,2869.6 ,,
respiratory disease,E05011150,Kingstanding,2023-04-06,540,21135,2968.2 ,,
respiratory disease,E05011151,Ladywood,2023-04-06,270,25730,1934.9 ,,
respiratory disease,E05011152,Longbridge & West Heath,2023-04-06,485,21650,2267.1 ,,
respiratory disease,E05011153,Lozells,2023-04-06,155,12115,1780.6 ,,
respiratory disease,E05011154,Moseley,2023-04-06,365,21850,1832.0 ,,
respiratory disease,E05011155,Nechells,2023-04-06,240,16150,2381.0 ,,
respiratory disease,E05011156,Newtown,2023-04-06,210,16270,2403.7 ,,
respiratory disease,E05011157,North Edgbaston,2023-04-06,330,22535,1870.3 ,,
respiratory disease,E05011158,Northfield,2023-04-06,195,10405,1859.6 ,,
respiratory disease,E05011159,Oscott,2023-04-06,410,20560,2144.4 ,,
respiratory disease,E05011160,Perry Barr,2023-04-06,325,20600,1646.6 ,,
respiratory disease,E05011161,Perry Common,2023-04-06,355,12025,3131.1 ,,
respiratory disease,E05011162,Pype Hayes,2023-04-06,285,11060,2723.2 ,,
respiratory disease,E05011163,Quinton,2023-04-06,295,21380,1419.4 ,,
respiratory disease,E05011164,Rubery & Rednal,2023-04-06,190,10300,2050.4 ,,
respiratory disease,E05011165,Shard End,2023-04-06,285,12340,2462.2 ,,
respiratory disease,E05011166,Sheldon,2023-04-06,435,19925,2190.3 ,,
respiratory disease,E05011167,Small Heath,2023-04-06,515,21960,2937.7 ,,
respiratory disease,E05011168,Soho & Jewellery Quarter,2023-04-06,305,25430,1930.2 ,,
respiratory disease,E05011169,South Yardley,2023-04-06,175,10790,1658.2 ,,
respiratory disease,E05011170,Sparkbrook & Balsall Heath East,2023-04-06,545,27325,2501.5 ,,
respiratory disease,E05011171,Sparkhill,2023-04-06,345,21445,1827.3 ,,
respiratory disease,E05011172,Stirchley,2023-04-06,170,10105,2032.3 ,,
respiratory disease,E05011173,Stockland Green,2023-04-06,540,23600,2648.7 ,,
respiratory disease,E05011174,Sutton Four Oaks,2023-04-06,220,9320,2141.3 ,,
respiratory disease,E05011175,Sutton Mere Green,2023-04-06,180,10130,1566.5 ,,
respiratory disease,E05011176,Sutton Reddicap,2023-04-06,240,10050,2330.3 ,,
respiratory disease,E05011177,Sutton Roughley,2023-04-06,225,11945,1760.1 ,,
respiratory disease,E05011178,Sutton Trinity,2023-04-06,125,9490,1233.0 ,,
respiratory disease,E05011179,Sutton Vesey,2023-04-06,405,20105,1803.8 ,,
respiratory disease,E05011180,Sutton Walmley & Minworth,2023-04-06,375,16315,2137.8 ,,
respiratory disease,E05011181,Sutton Wylde Green,2023-04-06,185,9285,1662.7 ,,
respiratory disease,E05011182,Tyseley & Hay Mills,2023-04-06,295,11685,3022.6 ,,
respiratory disease,E05011183,Ward End,2023-04-06,300,13705,2975.8 ,,
respiratory disease,E05011184,Weoley & Selly Oak,2023-04-06,430,23475,1982.7 ,,
respiratory disease,E05011185,Yardley East,2023-04-06,255,11075,2313.5 ,,
respiratory disease,E05011186,Yardley West & Stechford,2023-04-06,345,13590,3068.1 ,,
COPD,E05011118,Acocks Green,2024-04-06,75,12380,697.0 ,,
COPD,E05011119,Allens Cross,2024-04-06,35,5945,632.9 ,,
COPD,E05011120,Alum Rock,2024-04-06,40,11095,550.1 ,,
COPD,E05011121,Aston,2024-04-06,30,10405,424.9 ,,
COPD,E05011122,Balsall Heath West,2024-04-06,20,5885,463.1 ,,
COPD,E05011123,Bartley Green,2024-04-06,95,12225,823.9 ,,
COPD,E05011124,Billesley,2024-04-06,65,11260,622.2 ,,
COPD,E05011125,Birchfield,2024-04-06,10,5665,216.4 ,,
COPD,E05011126,Bordesley & Highgate,2024-04-06,20,5565,785.5 ,,
COPD,E05011127,Bordesley Green,2024-04-06,30,5450,813.1 ,,
COPD,E05011128,Bournbrook & Selly Park,2024-04-06,20,5155,400.3 ,,
COPD,E05011129,Bournville & Cotteridge,2024-04-06,50,11030,451.7 ,,
COPD,E05011130,Brandwood & King's Heath,2024-04-06,50,10785,528.3 ,,
COPD,E05011131,Bromford & Hodge Hill,2024-04-06,45,10270,516.6 ,,
COPD,E05011132,Castle Vale,2024-04-06,50,5270,983.8 ,,
COPD,E05011133,Druids Heath & Monyhull,2024-04-06,45,6200,761.5 ,,
COPD,E05011134,Edgbaston,2024-04-06,10,8160,119.6 ,,
COPD,E05011135,Erdington,2024-04-06,75,11595,683.6 ,,
COPD,E05011136,Frankley Great Park,2024-04-06,55,6635,1012.3 ,,
COPD,E05011137,Garretts Green,2024-04-06,25,5380,525.2 ,,
COPD,E05011138,Glebe Farm & Tile Cross,2024-04-06,95,11450,1015.4 ,,
COPD,E05011139,Gravelly Hill,2024-04-06,35,5290,823.4 ,,
COPD,E05011140,Hall Green North,2024-04-06,35,12025,346.5 ,,
COPD,E05011141,Hall Green South,2024-04-06,15,6220,217.1 ,,
COPD,E05011142,Handsworth,2024-04-06,10,5575,175.4 ,,
COPD,E05011143,Handsworth Wood,2024-04-06,25,10585,337.3 ,,
COPD,E05011144,Harborne,2024-04-06,60,12125,531.2 ,,
COPD,E05011145,Heartlands,2024-04-06,35,5590,1071.8 ,,
COPD,E05011146,Highter's Heath,2024-04-06,20,5955,321.3 ,,
COPD,E05011147,Holyhead,2024-04-06,15,5360,372.2 ,,
COPD,E05011148,King's Norton North,2024-04-06,20,6635,306.1 ,,
COPD,E05011149,King's Norton South,2024-04-06,45,5840,769.8 ,,
COPD,E05011150,Kingstanding,2024-04-06,145,10935,1460.3 ,,
COPD,E05011151,Ladywood,2024-04-06,15,9055,344.7 ,,
COPD,E05011152,Longbridge & West Heath,2024-04-06,95,11985,755.7 ,,
COPD,E05011153,Lozells,2024-04-06,15,5050,504.2 ,,
COPD,E05011154,Moseley,2024-04-06,50,12300,444.7 ,,
COPD,E05011155,Nechells,2024-04-06,30,5055,966.0 ,,
COPD,E05011156,Newtown,2024-04-06,10,4995,227.2 ,,
COPD,E05011157,North Edgbaston,2024-04-06,25,10790,292.8 ,,
COPD,E05011158,Northfield,2024-04-06,20,6230,344.0 ,,
COPD,E05011159,Oscott,2024-04-06,85,11005,816.2 ,,
COPD,E05011160,Perry Barr,2024-04-06,40,11110,419.3 ,,
COPD,E05011161,Perry Common,2024-04-06,105,6410,1667.9 ,,
COPD,E05011162,Pype Hayes,2024-04-06,50,6035,920.7 ,,
COPD,E05011163,Quinton,2024-04-06,55,12085,498.4 ,,
COPD,E05011164,Rubery & Rednal,2024-04-06,50,5525,944.7 ,,
COPD,E05011165,Shard End,2024-04-06,55,6225,995.7 ,,
COPD,E05011166,Sheldon,2024-04-06,60,11120,550.9 ,,
COPD,E05011167,Small Heath,2024-04-06,30,9160,446.6 ,,
COPD,E05011168,Soho & Jewellery Quarter,2024-04-06,30,10110,436.3 ,,
COPD,E05011169,South Yardley,2024-04-06,15,5710,369.0 ,,
COPD,E05011170,Sparkbrook & Balsall Heath East,2024-04-06,20,11890,263.2 ,,
COPD,E05011171,Sparkhill,2024-04-06,15,9380,240.7 ,,
COPD,E05011172,Stirchley,2024-04-06,20,5400,508.3 ,,
COPD,E05011173,Stockland Green,2024-04-06,95,11750,955.5 ,,
COPD,E05011174,Sutton Four Oaks,2024-04-06,15,6160,231.1 ,,
COPD,E05011175,Sutton Mere Green,2024-04-06,25,6460,380.1 ,,
COPD,E05011176,Sutton Reddicap,2024-04-06,35,5660,581.4 ,,
COPD,E05011177,Sutton Roughley,2024-04-06,20,7325,280.1 ,,
COPD,E05011178,Sutton Trinity,2024-04-06,15,5910,217.5 ,,
COPD,E05011179,Sutton Vesey,2024-04-06,50,12730,331.2 ,,
COPD,E05011180,Sutton Walmley & Minworth,2024-04-06,30,10575,252.3 ,,
COPD,E05011181,Sutton Wylde Green,2024-04-06,15,6240,207.6 ,,
COPD,E05011182,Tyseley & Hay Mills,2024-04-06,25,5235,574.5 ,,
COPD,E05011183,Ward End,2024-04-06,25,5515,584.0 ,,
COPD,E05011184,Weoley & Selly Oak,2024-04-06,90,12265,818.5 ,,
COPD,E05011185,Yardley East,2024-04-06,25,6020,437.8 ,,
COPD,E05011186,Yardley West & Stechford,2024-04-06,40,6170,876.8 ,,
respiratory disease,E05011118,Acocks Green,2024-04-06,580,24765,2582.5 ,,
respiratory disease,E05011119,Allens Cross,2024-04-06,190,11255,1803.0 ,,
respiratory disease,E05011120,Alum Rock,2024-04-06,565,28385,2532.4 ,,
respiratory disease,E05011121,Aston,2024-04-06,335,24685,1731.3 ,,
respiratory disease,E05011122,Balsall Heath West,2024-04-06,230,13995,2158.0 ,,
respiratory disease,E05011123,Bartley Green,2024-04-06,450,22905,2142.9 ,,
respiratory disease,E05011124,Billesley,2024-04-06,425,21610,2115.7 ,,
respiratory disease,E05011125,Birchfield,2024-04-06,220,12555,1919.0 ,,
respiratory disease,E05011126,Bordesley & Highgate,2024-04-06,240,15915,2276.0 ,,
respiratory disease,E05011127,Bordesley Green,2024-04-06,315,13505,3044.1 ,,
respiratory disease,E05011128,Bournbrook & Selly Park,2024-04-06,170,22620,1797.8 ,,
respiratory disease,E05011129,Bournville & Cotteridge,2024-04-06,375,19325,1939.9 ,,
respiratory disease,E05011130,Brandwood & King's Heath,2024-04-06,365,18980,2121.4 ,,
respiratory disease,E05011131,Bromford & Hodge Hill,2024-04-06,540,22585,2668.9 ,,
respiratory disease,E05011132,Castle Vale,2024-04-06,325,9945,3416.7 ,,
respiratory disease,E05011133,Druids Heath & Monyhull,2024-04-06,265,11790,2476.8 ,,
respiratory disease,E05011134,Edgbaston,2024-04-06,185,19350,1216.4 ,,
respiratory disease,E05011135,Erdington,2024-04-06,530,21700,2545.8 ,,
respiratory disease,E05011136,Frankley Great Park,2024-04-06,320,12750,3278.9 ,,
respiratory disease,E05011137,Garretts Green,2024-04-06,240,11640,2280.9 ,,
respiratory disease,E05011138,Glebe Farm & Tile Cross,2024-04-06,695,24730,3171.0 ,,
respiratory disease,E05011139,Gravelly Hill,2024-04-06,255,10680,2781.8 ,,
respiratory disease,E05011140,Hall Green North,2024-04-06,470,24970,2021.4 ,,
respiratory disease,E05011141,Hall Green South,2024-04-06,160,11105,1458.1 ,,
respiratory disease,E05011142,Handsworth,2024-04-06,190,11935,2003.4 ,,
respiratory disease,E05011143,Handsworth Wood,2024-04-06,280,20550,1583.7 ,,
respiratory disease,E05011144,Harborne,2024-04-06,415,23475,1905.3 ,,
respiratory disease,E05011145,Heartlands,2024-04-06,350,13735,3322.5 ,,
respiratory disease,E05011146,Highter's Heath,2024-04-06,190,10835,1882.9 ,,
respiratory disease,E05011147,Holyhead,2024-04-06,175,11415,1739.9 ,,
respiratory disease,E05011148,King's Norton North,2024-04-06,180,11680,1545.9 ,,
respiratory disease,E05011149,King's Norton South,2024-04-06,260,11675,2473.0 ,,
respiratory disease,E05011150,Kingstanding,2024-04-06,655,21215,3470.1 ,,
respiratory disease,E05011151,Ladywood,2024-04-06,240,26760,1805.9 ,,
respiratory disease,E05011152,Longbridge & West Heath,2024-04-06,485,21725,2255.4 ,,
respiratory disease,E05011153,Lozells,2024-04-06,200,12240,2337.1 ,,
respiratory disease,E05011154,Moseley,2024-04-06,370,22485,1837.5 ,,
respiratory disease,E05011155,Nechells,2024-04-06,270,16570,2771.5 ,,
respiratory disease,E05011156,Newtown,2024-04-06,185,16560,1709.4 ,,
respiratory disease,E05011157,North Edgbaston,2024-04-06,385,22995,2051.8 ,,
respiratory disease,E05011158,Northfield,2024-04-06,165,10450,1562.5 ,,
respiratory disease,E05011159,Oscott,2024-04-06,485,20600,2479.6 ,,
respiratory disease,E05011160,Perry Barr,2024-04-06,415,20740,2093.8 ,,
respiratory disease,E05011161,Perry Common,2024-04-06,415,12150,3737.7 ,,
respiratory disease,E05011162,Pype Hayes,2024-04-06,330,11130,3159.6 ,,
respiratory disease,E05011163,Quinton,2024-04-06,315,21640,1498.1 ,,
respiratory disease,E05011164,Rubery & Rednal,2024-04-06,170,10340,1776.4 ,,
respiratory disease,E05011165,Shard End,2024-04-06,285,12385,2611.9 ,,
respiratory disease,E05011166,Sheldon,2024-04-06,440,20050,2203.1 ,,
respiratory disease,E05011167,Small Heath,2024-04-06,500,22645,2729.8 ,,
respiratory disease,E05011168,Soho & Jewellery Quarter,2024-04-06,390,25810,2361.8 ,,
respiratory disease,E05011169,South Yardley,2024-04-06,155,10905,1585.0 ,,
respiratory disease,E05011170,Sparkbrook & Balsall Heath East,2024-04-06,505,29585,2087.0 ,,
respiratory disease,E05011171,Sparkhill,2024-04-06,345,22035,1986.4 ,,
respiratory disease,E05011172,Stirchley,2024-04-06,155,10205,1872.0 ,,
respiratory disease,E05011173,Stockland Green,2024-04-06,650,23950,3083.7 ,,
respiratory disease,E05011174,Sutton Four Oaks,2024-04-06,225,9350,2062.2 ,,
respiratory disease,E05011175,Sutton Mere Green,2024-04-06,200,10185,1746.6 ,,
respiratory disease,E05011176,Sutton Reddicap,2024-04-06,240,10085,2332.2 ,,
respiratory disease,E05011177,Sutton Roughley,2024-04-06,210,12000,1596.4 ,,
respiratory disease,E05011178,Sutton Trinity,2024-04-06,160,9545,1616.5 ,,
respiratory disease,E05011179,Sutton Vesey,2024-04-06,425,20180,1871.3 ,,
respiratory disease,E05011180,Sutton Walmley & Minworth,2024-04-06,380,16395,2112.4 ,,
respiratory disease,E05011181,Sutton Wylde Green,2024-04-06,190,9325,1662.6 ,,
respiratory disease,E05011182,Tyseley & Hay Mills,2024-04-06,255,12085,2448.7 ,,
respiratory disease,E05011183,Ward End,2024-04-06,335,13895,3093.8 ,,
respiratory disease,E05011184,Weoley & Selly Oak,2024-04-06,470,23925,2160.1 ,,
respiratory disease,E05011185,Yardley East,2024-04-06,265,11165,2341.0 ,,
respiratory disease,E05011186,Yardley West & Stechford,2024-04-06,310,13870,2599.8 ,,
