date,vehicle_type,compliant_vehicles,noncompliant_vehicles,total_vehicles
2021-06-01,Bus/Coach,565,4,569
2021-07-01,Bus/Coach,581,7,588
2021-08-01,Bus/Coach,566,7,573
2021-09-01,Bus/Coach,599,8,607
2021-10-01,Bus/Coach,582,8,590
2021-11-01,Bus/Coach,600,8,608
2021-12-01,Bus/Coach,570,7,577
2022-01-01,Bus/Coach,581,5,586
2022-02-01,Bus/Coach,599,6,605
2022-03-01,Bus/Coach,597,7,604
2022-04-01,Bus/Coach,580,7,587
2022-05-01,Bus/Coach,575,6,581
2022-06-01,Bus/Coach,557,6,563
2022-07-01,Bus/Coach,668,8,676
2022-08-01,Bus/Coach,692,7,699
2022-09-01,Bus/Coach,583,4,587
2022-10-01,Bus/Coach,603,2,605
2022-11-01,Bus/Coach,626,2,628
2022-12-01,Bus/Coach,583,2,585
2023-01-01,Bus/Coach,595,2,597
2023-02-01,Bus/Coach,597,2,599
2023-03-01,Bus/Coach,532,2,534
2023-04-01,Bus/Coach,584,2,586
2023-05-01,Bus/Coach,601,3,604
2023-06-01,Bus/Coach,637,4,641
2023-07-01,Bus/Coach,617,5,622
2023-08-01,Bus/Coach,597,3,600
2023-09-01,Bus/Coach,633,3,636
2023-10-01,Bus/Coach,643,3,646
2023-11-01,Bus/Coach,634,24,658
2023-12-01,Bus/Coach,608,3,611
2024-01-01,Bus/Coach,636,3,639
2024-02-01,Bus/Coach,650,3,653
2024-03-01,Bus/Coach,647,3,650
2024-04-01,Bus/Coach,644,2,646
2024-05-01,Bus/Coach,647,4,651
2024-06-01,Bus/Coach,647,4,651
2024-07-01,Bus/Coach,647,2,649
2024-08-01,Bus/Coach,614,1,615
2024-09-01,Bus/Coach,603,1,604
2024-10-01,Bus/Coach,615,1,616
2024-11-01,Bus/Coach,770,1,771
2024-12-01,Bus/Coach,710,2,712
2025-01-01,Bus/Coach,747,2,749
2025-02-01,Bus/Coach,762,2,764
2025-03-01,Bus/Coach,750,2,752
2025-04-01,Bus/Coach,770,0,770
2025-05-01,Bus/Coach,763,2,765
2025-06-01,Bus/Coach,791,3,794
2025-07-01,Bus/Coach,795,2,797
2025-08-01,Bus/Coach,731,2,733
2025-09-01,Bus/Coach,780,4,784
2025-10-01,Bus/Coach,778,4,782
2025-11-01,Bus/Coach,790,9,799
2025-12-01,Bus/Coach,752,8,760
2021-06-01,Car,66047,11344,77391
2021-07-01,Car,67325,8650,75975
2021-08-01,Car,67558,8316,75874
2021-09-01,Car,73697,8527,82224
2021-10-01,Car,74316,8454,82770
2021-11-01,Car,75968,8402,84370
2021-12-01,Car,70060,7854,77914
2022-01-01,Car,64100,6519,70619
2022-02-01,Car,73333,7517,80850
2022-03-01,Car,75369,7482,82851
2022-04-01,Car,71485,6975,78460
2022-05-01,Car,71734,6583,78317
2022-06-01,Car,67719,8422,76141
2022-07-01,Car,70784,5703,76487
2022-08-01,Car,72742,5835,78577
2022-09-01,Car,75726,5765,81491
2022-10-01,Car,78565,6107,84672
2022-11-01,Car,80556,6089,86645
2022-12-01,Car,73221,5721,78942
2023-01-01,Car,72058,4939,76997
2023-02-01,Car,73523,5044,78567
2023-03-01,Car,77314,5272,82586
2023-04-01,Car,75410,5203,80613
2023-05-01,Car,77346,5114,82460
2023-06-01,Car,79926,4947,84873
2023-07-01,Car,78234,4790,83024
2023-08-01,Car,74065,4423,78488
2023-09-01,Car,79618,4628,84246
2023-10-01,Car,81029,4630,85659
2023-11-01,Car,81283,4642,85925
2023-12-01,Car,76543,4510,81053
2024-01-01,Car,73715,3737,77452
2024-02-01,Car,78762,4131,82893
2024-03-01,Car,76564,3969,80533
2024-04-01,Car,77986,3891,81877
2024-05-01,Car,77943,3847,81790
2024-06-01,Car,77906,3804,81710
2024-07-01,Car,77378,3623,81001
2024-08-01,Car,73771,3508,77279
2024-09-01,Car,79865,3727,83592
2024-10-01,Car,81791,3759,85550
2024-11-01,Car,85233,3818,89051
2024-12-01,Car,79383,3542,82925
2025-01-01,Car,73777,2889,76666
2025-02-01,Car,80948,3309,84257
2025-03-01,Car,80762,3222,83984
2025-04-01,Car,80176,3186,83362
2025-05-01,Car,81855,3215,85070
2025-06-01,Car,82138,3160,85298
2025-07-01,Car,82404,3139,85543
2025-08-01,Car,77466,2998,80464
2025-09-01,Car,82916,3019,85935
2025-10-01,Car,84001,3119,87120
2025-11-01,Car,84107,3216,87323
2025-12-01,Car,78934,2928,81862
2021-06-01,HGV,1013,86,1099
2021-07-01,HGV,999,67,1066
2021-08-01,HGV,973,63,1036
2021-09-01,HGV,1065,64,1129
2021-10-01,HGV,1004,57,1061
2021-11-01,HGV,1091,60,1151
2021-12-01,HGV,907,49,956
2022-01-01,HGV,917,44,961
2022-02-01,HGV,1087,51,1138
2022-03-01,HGV,1162,58,1220
2022-04-01,HGV,1023,47,1070
2022-05-01,HGV,1051,47,1098
2022-06-01,HGV,1010,40,1050
2022-07-01,HGV,1047,44,1091
2022-08-01,HGV,1067,38,1105
2022-09-01,HGV,1085,38,1123
2022-10-01,HGV,1107,33,1140
2022-11-01,HGV,1146,35,1181
2022-12-01,HGV,870,24,894
2023-01-01,HGV,1001,26,1027
2023-02-01,HGV,1074,30,1104
2023-03-01,HGV,1161,30,1191
2023-04-01,HGV,1033,26,1059
2023-05-01,HGV,1124,26,1150
2023-06-01,HGV,1200,27,1227
2023-07-01,HGV,1106,24,1130
2023-08-01,HGV,1127,24,1151
2023-09-01,HGV,1143,28,1171
2023-10-01,HGV,1169,27,1196
2023-11-01,HGV,1201,26,1227
2023-12-01,HGV,927,21,948
2024-01-01,HGV,1065,20,1085
2024-02-01,HGV,1173,19,1192
2024-03-01,HGV,1084,19,1103
2024-04-01,HGV,1110,19,1129
2024-05-01,HGV,1127,20,1147
2024-06-01,HGV,1089,18,1107
2024-07-01,HGV,1168,19,1187
2024-08-01,HGV,1081,16,1097
2024-09-01,HGV,1142,18,1160
2024-10-01,HGV,1207,18,1225
2024-11-01,HGV,1191,15,1206
2024-12-01,HGV,967,13,980
2025-01-01,HGV,1052,14,1066
2025-02-01,HGV,1138,14,1152
2025-03-01,HGV,1140,13,1153
2025-04-01,HGV,1154,13,1167
2025-05-01,HGV,1134,13,1147
2025-06-01,HGV,1205,13,1218
2025-07-01,HGV,1240,13,1253
2025-08-01,HGV,1115,12,1127
2025-09-01,HGV,1229,13,1242
2025-10-01,HGV,1303,13,1316
2025-11-01,HGV,1176,11,1187
2025-12-01,HGV,1024,11,1035
2021-06-01,LGV,6265,2873,9138
2021-07-01,LGV,6330,2212,8542
2021-08-01,LGV,6195,2017,8212
2021-09-01,LGV,6851,2102,8953
2021-10-01,LGV,6539,1976,8515
2021-11-01,LGV,6983,2024,9007
2021-12-01,LGV,5774,1682,7456
2022-01-01,LGV,5652,1526,7178
2022-02-01,LGV,6719,1805,8524
2022-03-01,LGV,7176,1906,9082
2022-04-01,LGV,6483,1673,8156
2022-05-01,LGV,6474,1630,8104
2022-06-01,LGV,6078,1405,7483
2022-07-01,LGV,6646,1465,8111
2022-08-01,LGV,6825,1489,8314
2022-09-01,LGV,7139,1538,8677
2022-10-01,LGV,7087,1461,8548
2022-11-01,LGV,7507,1147,8654
2022-12-01,LGV,5637,1493,7130
2023-01-01,LGV,6413,1169,7582
2023-02-01,LGV,6460,1170,7630
2023-03-01,LGV,7393,1314,8707
2023-04-01,LGV,6742,1205,7947
2023-05-01,LGV,7147,1262,8409
2023-06-01,LGV,7794,1301,9095
2023-07-01,LGV,7414,1216,8630
2023-08-01,LGV,7409,1149,8558
2023-09-01,LGV,7714,1212,8926
2023-10-01,LGV,7799,1164,8963
2023-11-01,LGV,7885,1177,9062
2023-12-01,LGV,6209,944,7153
2024-01-01,LGV,7107,944,8051
2024-02-01,LGV,7740,1057,8797
2024-03-01,LGV,7551,1057,8608
2024-04-01,LGV,7751,968,8719
2024-05-01,LGV,7394,979,8373
2024-06-01,LGV,7315,942,8257
2024-07-01,LGV,7800,937,8737
2024-08-01,LGV,7251,882,8133
2024-09-01,LGV,7875,945,8820
2024-10-01,LGV,8139,963,9102
2024-11-01,LGV,8084,962,9046
2024-12-01,LGV,6596,726,7322
2025-01-01,LGV,6774,788,7562
2025-02-01,LGV,7710,773,8483
2025-03-01,LGV,7642,767,8409
2025-04-01,LGV,7674,767,8441
2025-05-01,LGV,7624,736,8360
2025-06-01,LGV,7982,752,8734
2025-07-01,LGV,8215,764,8979
2025-08-01,LGV,7455,688,8143
2025-09-01,LGV,8351,719,9070
2025-10-01,LGV,8395,711,9106
2025-11-01,LGV,8007,696,8703
2025-12-01,LGV,6948,595,7543
2021-06-01,Mini-Bus,57,26,83
2021-07-01,Mini-Bus,54,20,74
2021-08-01,Mini-Bus,27,16,43
2021-09-01,Mini-Bus,85,22,107
2021-10-01,Mini-Bus,78,23,101
2021-11-01,Mini-Bus,96,29,125
2021-12-01,Mini-Bus,63,19,82
2022-01-01,Mini-Bus,74,17,91
2022-02-01,Mini-Bus,74,16,90
2022-03-01,Mini-Bus,95,22,117
2022-04-01,Mini-Bus,57,17,74
2022-05-01,Mini-Bus,74,20,94
2022-06-01,Mini-Bus,75,20,95
2022-07-01,Mini-Bus,78,23,101
2022-08-01,Mini-Bus,40,16,56
2022-09-01,Mini-Bus,76,19,95
2022-10-01,Mini-Bus,77,21,98
2022-11-01,Mini-Bus,88,21,109
2022-12-01,Mini-Bus,56,16,72
2023-01-01,Mini-Bus,75,17,92
2023-02-01,Mini-Bus,64,17,81
2023-03-01,Mini-Bus,82,23,105
2023-04-01,Mini-Bus,47,15,62
2023-05-01,Mini-Bus,67,20,87
2023-06-01,Mini-Bus,81,22,103
2023-07-01,Mini-Bus,64,20,84
2023-08-01,Mini-Bus,38,12,50
2023-09-01,Mini-Bus,68,16,84
2023-10-01,Mini-Bus,76,17,93
2023-11-01,Mini-Bus,80,16,96
2023-12-01,Mini-Bus,60,15,75
2024-01-01,Mini-Bus,64,12,76
2024-02-01,Mini-Bus,68,15,83
2024-03-01,Mini-Bus,66,16,82
2024-04-01,Mini-Bus,61,14,75
2024-05-01,Mini-Bus,60,16,76
2024-06-01,Mini-Bus,73,16,89
2024-07-01,Mini-Bus,63,15,78
2024-08-01,Mini-Bus,25,10,35
2024-09-01,Mini-Bus,63,12,75
2024-10-01,Mini-Bus,68,11,79
2024-11-01,Mini-Bus,62,16,78
2024-12-01,Mini-Bus,48,12,60
2025-01-01,Mini-Bus,57,12,69
2025-02-01,Mini-Bus,60,12,72
2025-03-01,Mini-Bus,70,15,85
2025-04-01,Mini-Bus,48,12,60
2025-05-01,Mini-Bus,55,13,68
2025-06-01,Mini-Bus,67,15,82
2025-07-01,Mini-Bus,52,14,66
2025-08-01,Mini-Bus,29,10,39
2025-09-01,Mini-Bus,46,11,57
2025-10-01,Mini-Bus,45,11,56
2025-11-01,Mini-Bus,55,11,66
2025-12-01,Mini-Bus,45,9,54
2021-06-01,Motorcycles and Other,,,238
2021-07-01,Motorcycles and Other,,,230
2021-08-01,Motorcycles and Other,,,211
2021-09-01,Motorcycles and Other,,,230
2021-10-01,Motorcycles and Other,,,210
2021-11-01,Motorcycles and Other,,,197
2021-12-01,Motorcycles and Other,,,165
2022-01-01,Motorcycles and Other,,,151
2022-02-01,Motorcycles and Other,,,170
2022-03-01,Motorcycles and Other,,,218
2022-04-01,Motorcycles and Other,,,229
2022-05-01,Motorcycles and Other,,,246
2022-06-01,Motorcycles and Other,,,241
2022-07-01,Motorcycles and Other,,,199
2022-08-01,Motorcycles and Other,,,123
2022-09-01,Motorcycles and Other,,,109
2022-10-01,Motorcycles and Other,,,115
2022-11-01,Motorcycles and Other,,,108
2022-12-01,Motorcycles and Other,,,83
2023-01-01,Motorcycles and Other,,,83
2023-02-01,Motorcycles and Other,,,100
2023-03-01,Motorcycles and Other,,,109
2023-04-01,Motorcycles and Other,,,94
2023-05-01,Motorcycles and Other,,,241
2023-06-01,Motorcycles and Other,,,258
2023-07-01,Motorcycles and Other,,,260
2023-08-01,Motorcycles and Other,,,267
2023-09-01,Motorcycles and Other,,,267
2023-10-01,Motorcycles and Other,,,262
2023-11-01,Motorcycles and Other,,,236
2023-12-01,Motorcycles and Other,,,201
2024-01-01,Motorcycles and Other,,,210
2024-02-01,Motorcycles and Other,,,243
2024-03-01,Motorcycles and Other,,,255
2024-04-01,Motorcycles and Other,,,282
2024-05-01,Motorcycles and Other,,,313
2024-06-01,Motorcycles and Other,,,325
2024-07-01,Motorcycles and Other,,,333
2024-08-01,Motorcycles and Other,,,330
2024-09-01,Motorcycles and Other,,,340
2024-10-01,Motorcycles and Other,,,288
2024-11-01,Motorcycles and Other,,,260
2024-12-01,Motorcycles and Other,,,237
2025-01-01,Motorcycles and Other,,,219
2025-02-01,Motorcycles and Other,,,253
2025-03-01,Motorcycles and Other,,,280
2025-04-01,Motorcycles and Other,,,302
2025-05-01,Motorcycles and Other,,,323
2025-06-01,Motorcycles and Other,,,317
2025-07-01,Motorcycles and Other,,,325
2025-08-01,Motorcycles and Other,,,316
2025-09-01,Motorcycles and Other,,,312
2025-10-01,Motorcycles and Other,,,318
2025-11-01,Motorcycles and Other,,,300
2025-12-01,Motorcycles and Other,,,266
2021-06-01,Unrecognised,,,7422
2021-07-01,Unrecognised,,,7308
2021-08-01,Unrecognised,,,6678
2021-09-01,Unrecognised,,,7560
2021-10-01,Unrecognised,,,7572
2021-11-01,Unrecognised,,,7974
2021-12-01,Unrecognised,,,7393
2022-01-01,Unrecognised,,,7397
2022-02-01,Unrecognised,,,8025
2022-03-01,Unrecognised,,,8148
2022-04-01,Unrecognised,,,7466
2022-05-01,Unrecognised,,,7468
2022-06-01,Unrecognised,,,6777
2022-07-01,Unrecognised,,,7427
2022-08-01,Unrecognised,,,7907
2022-09-01,Unrecognised,,,8349
2022-10-01,Unrecognised,,,8602
2022-11-01,Unrecognised,,,9092
2022-12-01,Unrecognised,,,8671
2023-01-01,Unrecognised,,,8702
2023-02-01,Unrecognised,,,9033
2023-03-01,Unrecognised,,,8889
2023-04-01,Unrecognised,,,9698
2023-05-01,Unrecognised,,,9437
2023-06-01,Unrecognised,,,10336
2023-07-01,Unrecognised,,,9808
2023-08-01,Unrecognised,,,10676
2023-09-01,Unrecognised,,,11109
2023-10-01,Unrecognised,,,11684
2023-11-01,Unrecognised,,,10594
2023-12-01,Unrecognised,,,11291
2024-01-01,Unrecognised,,,11083
2024-02-01,Unrecognised,,,11697
2024-03-01,Unrecognised,,,11325
2024-04-01,Unrecognised,,,11481
2024-05-01,Unrecognised,,,11820
2024-06-01,Unrecognised,,,11710
2024-07-01,Unrecognised,,,11390
2024-08-01,Unrecognised,,,12886
2024-09-01,Unrecognised,,,12805
2024-10-01,Unrecognised,,,8676
2024-11-01,Unrecognised,,,8452
2024-12-01,Unrecognised,,,7979
2025-01-01,Unrecognised,,,7992
2025-02-01,Unrecognised,,,8267
2025-03-01,Unrecognised,,,7874
2025-04-01,Unrecognised,,,7590
2025-05-01,Unrecognised,,,7579
2025-06-01,Unrecognised,,,7625
2025-07-01,Unrecognised,,,7910
2025-08-01,Unrecognised,,,7183
2025-09-01,Unrecognised,,,7735
2025-10-01,Unrecognised,,,7924
2025-11-01,Unrecognised,,,8249
2025-12-01,Unrecognised,,,7773
2021-06-01,Exempt,1145,522,1667
2021-07-01,Exempt,1230,416,1646
2021-08-01,Exempt,1234,381,1615
2021-09-01,Exempt,1377,399,1776
2021-10-01,Exempt,1396,383,1779
2021-11-01,Exempt,1465,397,1862
2021-12-01,Exempt,1437,343,1780
2022-01-01,Exempt,1403,335,1738
2022-02-01,Exempt,1582,362,1944
2022-03-01,Exempt,1657,362,2019
2022-04-01,Exempt,1647,330,1977
2022-05-01,Exempt,1721,315,2036
2022-06-01,Exempt,1725,260,1985
2022-07-01,Exempt,1721,289,2010
2022-08-01,Exempt,1601,299,1900
2022-09-01,Exempt,1756,307,2063
2022-10-01,Exempt,1887,304,2191
2022-11-01,Exempt,1971,304,2275
2022-12-01,Exempt,1898,280,2178
2023-01-01,Exempt,1925,262,2187
2023-02-01,Exempt,2021,285,2306
2023-03-01,Exempt,2133,258,2391
2023-04-01,Exempt,2174,271,2445
2023-05-01,Exempt,2521,241,2762
2023-06-01,Exempt,2642,275,2917
2023-07-01,Exempt,2622,245,2867
2023-08-01,Exempt,2531,231,2762
2023-09-01,Exempt,2846,247,3093
2023-10-01,Exempt,2967,248,3215
2023-11-01,Exempt,3011,291,3302
2023-12-01,Exempt,3065,251,3316
2024-01-01,Exempt,2977,236,3213
2024-02-01,Exempt,3191,247,3438
2024-03-01,Exempt,3281,227,3508
2024-04-01,Exempt,3369,220,3589
2024-05-01,Exempt,3528,231,3759
2024-06-01,Exempt,3528,214,3742
2024-07-01,Exempt,3559,209,3768
2024-08-01,Exempt,3495,202,3697
2024-09-01,Exempt,3869,216,4085
2024-10-01,Exempt,3983,219,4202
2024-11-01,Exempt,4062,221,4283
2024-12-01,Exempt,3984,209,4193
2025-01-01,Exempt,3774,206,3980
2025-02-01,Exempt,3969,210,4179
2025-03-01,Exempt,4067,197,4264
2025-04-01,Exempt,4050,184,4234
2025-05-01,Exempt,4224,190,4414
2025-06-01,Exempt,4226,186,4412
2025-07-01,Exempt,4340,201,4541
2025-08-01,Exempt,4185,170,4355
2025-09-01,Exempt,4449,178,4627
2025-10-01,Exempt,4568,179,4747
2025-11-01,Exempt,4564,204,4768
2025-12-01,Exempt,4582,189,4771
